<?xml version="1.0" encoding="UTF-8" standalone="yes"?><ns1:timeSeriesResponse xsi:schemaLocation="http://www.cuahsi.org/waterML/1.1/ http://waterservices.usgs.gov/WaterML-1.1.xsd" xmlns:ns1="http://www.cuahsi.org/waterML/1.1/" xmlns:xsi="http://www.w3.org/2001/XMLSchema-instance"><ns1:queryInfo xmlns:ns2="http://www.cuahsi.org/waterML/1.1/"><ns2:queryURL>http://127.0.0.1:8080/nwis/iv/</ns2:queryURL><ns2:criteria><ns2:locationParam>[ALL:01491000]</ns2:locationParam><ns2:variableParam>[00060]</ns2:variableParam><ns2:timeParam><ns2:beginDateTime>2012-05-12T00:00:00.000</ns2:beginDateTime><ns2:endDateTime>2012-05-13T23:59:59.000</ns2:endDateTime></ns2:timeParam></ns2:criteria><ns2:note title="filter:sites">[ALL:01491000]</ns2:note><ns2:note title="filter:timeRange">[mode=RANGE, modifiedSince=null] interval={INTERVAL[2012-05-12T00:00:00.000-04:00/2012-05-13T23:59:59.000Z]}</ns2:note><ns2:note title="filter:methodId">methodIds=[ALL]</ns2:note><ns2:note title="requestDT">2014-01-27T20:28:56.939Z</ns2:note><ns2:note title="requestId">a5965f70-8791-11e3-a574-0010188f98a0</ns2:note><ns2:note title="disclaimer">Provisional data are subject to revision. Go to http://waterdata.usgs.gov/nwis/help/?provisional for more information.</ns2:note><ns2:note title="server">nadww01</ns2:note></ns1:queryInfo><ns1:timeSeries name="USGS:01491000:00060:00011" xmlns:ns1="http://www.cuahsi.org/waterML/1.1/"><ns1:sourceInfo xsi:type="ns1:SiteInfoType" xmlns:xsi="http://www.w3.org/2001/XMLSchema-instance"><ns1:siteName>CHOPTANK RIVER NEAR GREENSBORO, MD</ns1:siteName><ns1:siteCode network="NWIS" agencyCode="USGS">01491000</ns1:siteCode><ns1:timeZoneInfo siteUsesDaylightSavingsTime="false"><ns1:defaultTimeZone zoneOffset="-05:00" zoneAbbreviation="EST"/><ns1:daylightSavingsTimeZone zoneOffset="-04:00" zoneAbbreviation="EDT"/></ns1:timeZoneInfo><ns1:geoLocation><ns1:geogLocation xsi:type="ns1:LatLonPointType" srs="EPSG:4326"><ns1:latitude>38.99719444</ns1:latitude><ns1:longitude>-75.7858056</ns1:longitude></ns1:geogLocation></ns1:geoLocation><ns1:siteProperty name="siteTypeCd">ST</ns1:siteProperty><ns1:siteProperty name="hucCd">02060005</ns1:siteProperty><ns1:siteProperty name="stateCd">24</ns1:siteProperty><ns1:siteProperty name="countyCd">24011</ns1:siteProperty></ns1:sourceInfo><ns1:variable ns1:oid="45807197"><ns1:variableCode network="NWIS" vocabulary="NWIS:UnitValues" default="true" variableID="45807197">00060</ns1:variableCode><ns1:variableName>Streamflow, ft&amp;#179;/s</ns1:variableName><ns1:variableDescription>Discharge, cubic feet per second</ns1:variableDescription><ns1:valueType>Derived Value</ns1:valueType><ns1:unit><ns1:unitCode>ft3/s</ns1:unitCode></ns1:unit><ns1:options><ns1:option name="Statistic" optionCode="00011"/></ns1:options><ns1:noDataValue>-999999.0</ns1:noDataValue></ns1:variable><ns1:values><ns1:value qualifiers="A" dateTime="2012-05-12T00:00:00.000-05:00">83</ns1:value><ns1:value qualifiers="A" dateTime="2012-05-12T00:15:00.000-05:00">83</ns1:value><ns1:value qualifiers="A" dateTime="2012-05-12T00:30:00.000-05:00">83</ns1:value><ns1:value qualifiers="A" dateTime="2012-05-12T00:45:00.000-05:00">83</ns1:value><ns1:value qualifiers="A" dateTime="2012-05-12T01:00:00.000-05:00">85</ns1:value><ns1:value qualifiers="A" dateTime="2012-05-12T01:15:00.000-05:00">83</ns1:value><ns1:value qualifiers="A" dateTime="2012-05-12T01:30:00.000-05:00">83</ns1:value><ns1:value qualifiers="A" dateTime="2012-05-12T01:45:00.000-05:00">83</ns1:value><ns1:value qualifiers="A" dateTime="2012-05-12T02:00:00.000-05:00">83</ns1:value><ns1:value qualifiers="A" dateTime="2012-05-12T02:15:00.000-05:00">81</ns1:value><ns1:value qualifiers="A" dateTime="2012-05-12T02:30:00.000-05:00">81</ns1:value><ns1:value qualifiers="A" dateTime="2012-05-12T02:45:00.000-05:00">81</ns1:value><ns1:value qualifiers="A" dateTime="2012-05-12T03:00:00.000-05:00">81</ns1:value><ns1:value qualifiers="A" dateTime="2012-05-12T03:15:00.000-05:00">81</ns1:value><ns1:value qualifiers="A" dateTime="2012-05-12T03:30:00.000-05:00">81</ns1:value><ns1:value qualifiers="A" dateTime="2012-05-12T03:45:00.000-05:00">81</ns1:value><ns1:value qualifiers="A" dateTime="2012-05-12T04:00:00.000-05:00">81</ns1:value><ns1:value qualifiers="A" dateTime="2012-05-12T04:15:00.000-05:00">79</ns1:value><ns1:value qualifiers="A" dateTime="2012-05-12T04:30:00.000-05:00">79</ns1:value><ns1:value qualifiers="A" dateTime="2012-05-12T04:45:00.000-05:00">81</ns1:value><ns1:value qualifiers="A" dateTime="2012-05-12T05:00:00.000-05:00">79</ns1:value><ns1:value qualifiers="A" dateTime="2012-05-12T05:15:00.000-05:00">79</ns1:value><ns1:value qualifiers="A" dateTime="2012-05-12T05:30:00.000-05:00">79</ns1:value><ns1:value qualifiers="A" dateTime="2012-05-12T05:45:00.000-05:00">79</ns1:value><ns1:value qualifiers="A" dateTime="2012-05-12T06:00:00.000-05:00">79</ns1:value><ns1:value qualifiers="A" dateTime="2012-05-12T06:15:00.000-05:00">79</ns1:value><ns1:value qualifiers="A" dateTime="2012-05-12T06:30:00.000-05:00">77</ns1:value><ns1:value qualifiers="A" dateTime="2012-05-12T06:45:00.000-05:00">77</ns1:value><ns1:value qualifiers="A" dateTime="2012-05-12T07:00:00.000-05:00">77</ns1:value><ns1:value qualifiers="A" dateTime="2012-05-12T07:15:00.000-05:00">77</ns1:value><ns1:value qualifiers="A" dateTime="2012-05-12T07:30:00.000-05:00">77</ns1:value><ns1:value qualifiers="A" dateTime="2012-05-12T07:45:00.000-05:00">77</ns1:value><ns1:value qualifiers="A" dateTime="2012-05-12T08:00:00.000-05:00">77</ns1:value><ns1:value qualifiers="A" dateTime="2012-05-12T08:15:00.000-05:00">77</ns1:value><ns1:value qualifiers="A" dateTime="2012-05-12T08:30:00.000-05:00">77</ns1:value><ns1:value qualifiers="A" dateTime="2012-05-12T08:45:00.000-05:00">77</ns1:value><ns1:value qualifiers="A" dateTime="2012-05-12T09:00:00.000-05:00">77</ns1:value><ns1:value qualifiers="A" dateTime="2012-05-12T09:15:00.000-05:00">77</ns1:value><ns1:value qualifiers="A" dateTime="2012-05-12T09:30:00.000-05:00">75</ns1:value><ns1:value qualifiers="A" dateTime="2012-05-12T09:45:00.000-05:00">75</ns1:value><ns1:value qualifiers="A" dateTime="2012-05-12T10:00:00.000-05:00">75</ns1:value><ns1:value qualifiers="A" dateTime="2012-05-12T10:15:00.000-05:00">75</ns1:value><ns1:value qualifiers="A" dateTime="2012-05-12T10:30:00.000-05:00">75</ns1:value><ns1:value qualifiers="A" dateTime="2012-05-12T10:45:00.000-05:00">75</ns1:value><ns1:value qualifiers="A" dateTime="2012-05-12T11:00:00.000-05:00">77</ns1:value><ns1:value qualifiers="A" dateTime="2012-05-12T11:15:00.000-05:00">75</ns1:value><ns1:value qualifiers="A" dateTime="2012-05-12T11:30:00.000-05:00">75</ns1:value><ns1:value qualifiers="A" dateTime="2012-05-12T11:45:00.000-05:00">75</ns1:value><ns1:value qualifiers="A" dateTime="2012-05-12T12:00:00.000-05:00">73</ns1:value><ns1:value qualifiers="A" dateTime="2012-05-12T12:15:00.000-05:00">75</ns1:value><ns1:value qualifiers="A" dateTime="2012-05-12T12:30:00.000-05:00">73</ns1:value><ns1:value qualifiers="A" dateTime="2012-05-12T12:45:00.000-05:00">75</ns1:value><ns1:value qualifiers="A" dateTime="2012-05-12T13:00:00.000-05:00">75</ns1:value><ns1:value qualifiers="A" dateTime="2012-05-12T13:15:00.000-05:00">73</ns1:value><ns1:value qualifiers="A" dateTime="2012-05-12T13:30:00.000-05:00">75</ns1:value><ns1:value qualifiers="A" dateTime="2012-05-12T13:45:00.000-05:00">73</ns1:value><ns1:value qualifiers="A" dateTime="2012-05-12T14:00:00.000-05:00">73</ns1:value><ns1:value qualifiers="A" dateTime="2012-05-12T14:15:00.000-05:00">73</ns1:value><ns1:value qualifiers="A" dateTime="2012-05-12T14:30:00.000-05:00">71</ns1:value><ns1:value qualifiers="A" dateTime="2012-05-12T14:45:00.000-05:00">73</ns1:value><ns1:value qualifiers="A" dateTime="2012-05-12T15:00:00.000-05:00">73</ns1:value><ns1:value qualifiers="A" dateTime="2012-05-12T15:15:00.000-05:00">75</ns1:value><ns1:value qualifiers="A" dateTime="2012-05-12T15:30:00.000-05:00">73</ns1:value><ns1:value qualifiers="A" dateTime="2012-05-12T15:45:00.000-05:00">73</ns1:value><ns1:value qualifiers="A" dateTime="2012-05-12T16:00:00.000-05:00">73</ns1:value><ns1:value qualifiers="A" dateTime="2012-05-12T16:15:00.000-05:00">73</ns1:value><ns1:value qualifiers="A" dateTime="2012-05-12T16:30:00.000-05:00">71</ns1:value><ns1:value qualifiers="A" dateTime="2012-05-12T16:45:00.000-05:00">71</ns1:value><ns1:value qualifiers="A" dateTime="2012-05-12T17:00:00.000-05:00">73</ns1:value><ns1:value qualifiers="A" dateTime="2012-05-12T17:15:00.000-05:00">69</ns1:value><ns1:value qualifiers="A" dateTime="2012-05-12T17:30:00.000-05:00">73</ns1:value><ns1:value qualifiers="A" dateTime="2012-05-12T17:45:00.000-05:00">71</ns1:value><ns1:value qualifiers="A" dateTime="2012-05-12T18:00:00.000-05:00">69</ns1:value><ns1:value qualifiers="A" dateTime="2012-05-12T18:15:00.000-05:00">69</ns1:value><ns1:value qualifiers="A" dateTime="2012-05-12T18:30:00.000-05:00">71</ns1:value><ns1:value qualifiers="A" dateTime="2012-05-12T18:45:00.000-05:00">69</ns1:value><ns1:value qualifiers="A" dateTime="2012-05-12T19:00:00.000-05:00">69</ns1:value><ns1:value qualifiers="A" dateTime="2012-05-12T19:15:00.000-05:00">69</ns1:value><ns1:value qualifiers="A" dateTime="2012-05-12T19:30:00.000-05:00">67</ns1:value><ns1:value qualifiers="A" dateTime="2012-05-12T19:45:00.000-05:00">67</ns1:value><ns1:value qualifiers="A" dateTime="2012-05-12T20:00:00.000-05:00">67</ns1:value><ns1:value qualifiers="A" dateTime="2012-05-12T20:15:00.000-05:00">67</ns1:value><ns1:value qualifiers="A" dateTime="2012-05-12T20:30:00.000-05:00">67</ns1:value><ns1:value qualifiers="A" dateTime="2012-05-12T20:45:00.000-05:00">67</ns1:value><ns1:value qualifiers="A" dateTime="2012-05-12T21:00:00.000-05:00">67</ns1:value><ns1:value qualifiers="A" dateTime="2012-05-12T21:15:00.000-05:00">67</ns1:value><ns1:value qualifiers="A" dateTime="2012-05-12T21:30:00.000-05:00">67</ns1:value><ns1:value qualifiers="A" dateTime="2012-05-12T21:45:00.000-05:00">67</ns1:value><ns1:value qualifiers="A" dateTime="2012-05-12T22:00:00.000-05:00">67</ns1:value><ns1:value qualifiers="A" dateTime="2012-05-12T22:15:00.000-05:00">67</ns1:value><ns1:value qualifiers="A" dateTime="2012-05-12T22:30:00.000-05:00">66</ns1:value><ns1:value qualifiers="A" dateTime="2012-05-12T22:45:00.000-05:00">69</ns1:value><ns1:value qualifiers="A" dateTime="2012-05-12T23:00:00.000-05:00">66</ns1:value><ns1:value qualifiers="A" dateTime="2012-05-12T23:15:00.000-05:00">66</ns1:value><ns1:value qualifiers="A" dateTime="2012-05-12T23:30:00.000-05:00">66</ns1:value><ns1:value qualifiers="A" dateTime="2012-05-12T23:45:00.000-05:00">66</ns1:value><ns1:value qualifiers="A" dateTime="2012-05-13T00:00:00.000-05:00">66</ns1:value><ns1:value qualifiers="A" dateTime="2012-05-13T00:15:00.000-05:00">66</ns1:value><ns1:value qualifiers="A" dateTime="2012-05-13T00:30:00.000-05:00">66</ns1:value><ns1:value qualifiers="A" dateTime="2012-05-13T00:45:00.000-05:00">66</ns1:value><ns1:value qualifiers="A" dateTime="2012-05-13T01:00:00.000-05:00">66</ns1:value><ns1:value qualifiers="A" dateTime="2012-05-13T01:15:00.000-05:00">66</ns1:value><ns1:value qualifiers="A" dateTime="2012-05-13T01:30:00.000-05:00">66</ns1:value><ns1:value qualifiers="A" dateTime="2012-05-13T01:45:00.000-05:00">66</ns1:value><ns1:value qualifiers="A" dateTime="2012-05-13T02:00:00.000-05:00">66</ns1:value><ns1:value qualifiers="A" dateTime="2012-05-13T02:15:00.000-05:00">66</ns1:value><ns1:value qualifiers="A" dateTime="2012-05-13T02:30:00.000-05:00">66</ns1:value><ns1:value qualifiers="A" dateTime="2012-05-13T02:45:00.000-05:00">66</ns1:value><ns1:value qualifiers="A" dateTime="2012-05-13T03:00:00.000-05:00">64</ns1:value><ns1:value qualifiers="A" dateTime="2012-05-13T03:15:00.000-05:00">64</ns1:value><ns1:value qualifiers="A" dateTime="2012-05-13T03:30:00.000-05:00">64</ns1:value><ns1:value qualifiers="A" dateTime="2012-05-13T03:45:00.000-05:00">64</ns1:value><ns1:value qualifiers="A" dateTime="2012-05-13T04:00:00.000-05:00">64</ns1:value><ns1:value qualifiers="A" dateTime="2012-05-13T04:15:00.000-05:00">64</ns1:value><ns1:value qualifiers="A" dateTime="2012-05-13T04:30:00.000-05:00">64</ns1:value><ns1:value qualifiers="A" dateTime="2012-05-13T04:45:00.000-05:00">64</ns1:value><ns1:value qualifiers="A" dateTime="2012-05-13T05:00:00.000-05:00">66</ns1:value><ns1:value qualifiers="A" dateTime="2012-05-13T05:15:00.000-05:00">64</ns1:value><ns1:value qualifiers="A" dateTime="2012-05-13T05:30:00.000-05:00">66</ns1:value><ns1:value qualifiers="A" dateTime="2012-05-13T05:45:00.000-05:00">66</ns1:value><ns1:value qualifiers="A" dateTime="2012-05-13T06:00:00.000-05:00">64</ns1:value><ns1:value qualifiers="A" dateTime="2012-05-13T06:15:00.000-05:00">64</ns1:value><ns1:value qualifiers="A" dateTime="2012-05-13T06:30:00.000-05:00">64</ns1:value><ns1:value qualifiers="A" dateTime="2012-05-13T06:45:00.000-05:00">64</ns1:value><ns1:value qualifiers="A" dateTime="2012-05-13T07:00:00.000-05:00">64</ns1:value><ns1:value qualifiers="A" dateTime="2012-05-13T07:15:00.000-05:00">64</ns1:value><ns1:value qualifiers="A" dateTime="2012-05-13T07:30:00.000-05:00">64</ns1:value><ns1:value qualifiers="A" dateTime="2012-05-13T07:45:00.000-05:00">64</ns1:value><ns1:value qualifiers="A" dateTime="2012-05-13T08:00:00.000-05:00">64</ns1:value><ns1:value qualifiers="A" dateTime="2012-05-13T08:15:00.000-05:00">64</ns1:value><ns1:value qualifiers="A" dateTime="2012-05-13T08:30:00.000-05:00">64</ns1:value><ns1:value qualifiers="A" dateTime="2012-05-13T08:45:00.000-05:00">64</ns1:value><ns1:value qualifiers="A" dateTime="2012-05-13T09:00:00.000-05:00">64</ns1:value><ns1:value qualifiers="A" dateTime="2012-05-13T09:15:00.000-05:00">64</ns1:value><ns1:value qualifiers="A" dateTime="2012-05-13T09:30:00.000-05:00">64</ns1:value><ns1:value qualifiers="A" dateTime="2012-05-13T09:45:00.000-05:00">64</ns1:value><ns1:value qualifiers="A" dateTime="2012-05-13T10:00:00.000-05:00">64</ns1:value><ns1:value qualifiers="A" dateTime="2012-05-13T10:15:00.000-05:00">64</ns1:value><ns1:value qualifiers="A" dateTime="2012-05-13T10:30:00.000-05:00">63</ns1:value><ns1:value qualifiers="A" dateTime="2012-05-13T10:45:00.000-05:00">64</ns1:value><ns1:value qualifiers="A" dateTime="2012-05-13T11:00:00.000-05:00">64</ns1:value><ns1:value qualifiers="A" dateTime="2012-05-13T11:15:00.000-05:00">64</ns1:value><ns1:value qualifiers="A" dateTime="2012-05-13T11:30:00.000-05:00">63</ns1:value><ns1:value qualifiers="A" dateTime="2012-05-13T11:45:00.000-05:00">64</ns1:value><ns1:value qualifiers="A" dateTime="2012-05-13T12:00:00.000-05:00">63</ns1:value><ns1:value qualifiers="A" dateTime="2012-05-13T12:15:00.000-05:00">64</ns1:value><ns1:value qualifiers="A" dateTime="2012-05-13T12:30:00.000-05:00">64</ns1:value><ns1:value qualifiers="A" dateTime="2012-05-13T12:45:00.000-05:00">64</ns1:value><ns1:value qualifiers="A" dateTime="2012-05-13T13:00:00.000-05:00">63</ns1:value><ns1:value qualifiers="A" dateTime="2012-05-13T13:15:00.000-05:00">63</ns1:value><ns1:value qualifiers="A" dateTime="2012-05-13T13:30:00.000-05:00">64</ns1:value><ns1:value qualifiers="A" dateTime="2012-05-13T13:45:00.000-05:00">63</ns1:value><ns1:value qualifiers="A" dateTime="2012-05-13T14:00:00.000-05:00">63</ns1:value><ns1:value qualifiers="A" dateTime="2012-05-13T14:15:00.000-05:00">63</ns1:value><ns1:value qualifiers="A" dateTime="2012-05-13T14:30:00.000-05:00">63</ns1:value><ns1:value qualifiers="A" dateTime="2012-05-13T14:45:00.000-05:00">63</ns1:value><ns1:value qualifiers="A" dateTime="2012-05-13T15:00:00.000-05:00">63</ns1:value><ns1:value qualifiers="A" dateTime="2012-05-13T15:15:00.000-05:00">63</ns1:value><ns1:value qualifiers="A" dateTime="2012-05-13T15:30:00.000-05:00">63</ns1:value><ns1:value qualifiers="A" dateTime="2012-05-13T15:45:00.000-05:00">63</ns1:value><ns1:value qualifiers="A" dateTime="2012-05-13T16:00:00.000-05:00">63</ns1:value><ns1:value qualifiers="A" dateTime="2012-05-13T16:15:00.000-05:00">64</ns1:value><ns1:value qualifiers="A" dateTime="2012-05-13T16:30:00.000-05:00">63</ns1:value><ns1:value qualifiers="A" dateTime="2012-05-13T16:45:00.000-05:00">64</ns1:value><ns1:value qualifiers="A" dateTime="2012-05-13T17:00:00.000-05:00">62</ns1:value><ns1:value qualifiers="A" dateTime="2012-05-13T17:15:00.000-05:00">62</ns1:value><ns1:value qualifiers="A" dateTime="2012-05-13T17:30:00.000-05:00">63</ns1:value><ns1:value qualifiers="A" dateTime="2012-05-13T17:45:00.000-05:00">63</ns1:value><ns1:value qualifiers="A" dateTime="2012-05-13T18:00:00.000-05:00">62</ns1:value><ns1:value qualifiers="A" dateTime="2012-05-13T18:15:00.000-05:00">63</ns1:value><ns1:value qualifiers="A" dateTime="2012-05-13T18:30:00.000-05:00">62</ns1:value><ns1:value qualifiers="A" dateTime="2012-05-13T18:45:00.000-05:00">62</ns1:value><ns1:value qualifiers="A" dateTime="2012-05-13T19:00:00.000-05:00">61</ns1:value><ns1:value qualifiers="A" dateTime="2012-05-13T19:15:00.000-05:00">61</ns1:value><ns1:value qualifiers="A" dateTime="2012-05-13T19:30:00.000-05:00">61</ns1:value><ns1:value qualifiers="A" dateTime="2012-05-13T19:45:00.000-05:00">63</ns1:value><ns1:value qualifiers="A" dateTime="2012-05-13T20:00:00.000-05:00">62</ns1:value><ns1:value qualifiers="A" dateTime="2012-05-13T20:15:00.000-05:00">61</ns1:value><ns1:value qualifiers="A" dateTime="2012-05-13T20:30:00.000-05:00">62</ns1:value><ns1:value qualifiers="A" dateTime="2012-05-13T20:45:00.000-05:00">62</ns1:value><ns1:value qualifiers="A" dateTime="2012-05-13T21:00:00.000-05:00">62</ns1:value><ns1:value qualifiers="A" dateTime="2012-05-13T21:15:00.000-05:00">62</ns1:value><ns1:value qualifiers="A" dateTime="2012-05-13T21:30:00.000-05:00">61</ns1:value><ns1:value qualifiers="A" dateTime="2012-05-13T21:45:00.000-05:00">62</ns1:value><ns1:value qualifiers="A" dateTime="2012-05-13T22:00:00.000-05:00">62</ns1:value><ns1:value qualifiers="A" dateTime="2012-05-13T22:15:00.000-05:00">62</ns1:value><ns1:value qualifiers="A" dateTime="2012-05-13T22:30:00.000-05:00">61</ns1:value><ns1:value qualifiers="A" dateTime="2012-05-13T22:45:00.000-05:00">61</ns1:value><ns1:value qualifiers="A" dateTime="2012-05-13T23:00:00.000-05:00">61</ns1:value><ns1:value qualifiers="A" dateTime="2012-05-13T23:15:00.000-05:00">61</ns1:value><ns1:value qualifiers="A" dateTime="2012-05-13T23:30:00.000-05:00">60</ns1:value><ns1:value qualifiers="A" dateTime="2012-05-13T23:45:00.000-05:00">60</ns1:value><ns1:qualifier qualifierID="0" ns1:network="NWIS" ns1:vocabulary="uv_rmk_cd"><ns1:qualifierCode>A</ns1:qualifierCode><ns1:qualifierDescription>Approved for publication -- Processing and review completed.</ns1:qualifierDescription></ns1:qualifier><ns1:method methodID="2"><ns1:methodDescription></ns1:methodDescription></ns1:method></ns1:values></ns1:timeSeries></ns1:timeSeriesResponse>